[
  {
    "title": "B2B Lead Generation Specialist – Verified Prospect List Builder",
    "url": "https://www.upwork.com/jobs/B2B-Lead-Generation-Specialist-Verified-Prospect-List-Builder_~021933460097899702176/?referrer_url_path=/nx/search/jobs/",
    "posted": "1 hour ago",
    "price": "$10.00",
    "summary": "We are seeking an experienced B2B lead generation expert to help build high-quality prospect lists. The ideal candidate will use tools such as Apollo.io, ZoomInfo, and LinkedIn Sales Navigator to find verified business emails and decision-maker contacts. Responsibilities: Identify and extract data of relevant prospects Verify email addresses and enrich data with roles, industry, and region Deliver clean, structured spreadsheets for outreach",
    "technologies": "Data Scraping | Prospect List | List Building | Lead Generation | Market Research | Data Mining | Data Entry"
  },
  {
    "title": "Node Scraping / lite Devops",
    "url": "https://www.upwork.com/jobs/Node-span-class-highlight-Scraping-span-lite-Devops_~021933458231077906336/?referrer_url_path=/nx/search/jobs/",
    "posted": "1 hour ago",
    "price": "",
    "summary": "Hello all! We need a versatile developer to join our growing multi project team, stack is MERN and some gis. This is a part-time long term contract for the right candidate. You can definitely manage this work while handling your fulltime job. Daily committement around 4hrs, as needed. Please read the below and send a part-time fix cost proposal, we don't pay hourly. Must have: 1- Automation and scraping skills. Nothing too complex and we only pull data from public sources. The system is in place but we need someone to maintain and fix any failing scraping agents. 2- intuitive mind, solve problems, research and learn. 3- Ai can be used to simplify some items but can't be fully utilized. You need to know what you are adding to the project and be able to answer questions/debug. Good to have: 4- GIS using leaflet. 5- Mysql gis data manipulation 6- simple BE and FE developing. 7- Devops skills (k8s)",
    "technologies": "Web Scraping | DevOps | GIS"
  },
  {
    "title": "AI Automation Specialist for Virtual Travel Influencer Project",
    "url": "https://www.upwork.com/jobs/Automation-Specialist-for-Virtual-Travel-Influencer-Project_~021933457008407250191/?referrer_url_path=/nx/search/jobs/",
    "posted": "1 hour ago",
    "price": "",
    "summary": "We are seeking an expert AI and automation developer to build a sophisticated system for creating and managing a virtual travel influencer. The goal is to develop an end-to-end pipeline that handles content ideation, creation, and automated posting. This project leverages AI for content generation and social media scraping to build a compelling online presence in the travel niche. The core of the workflow will be managed through Google Sheets for content approval, a system with which our team has prior development experience. Key Responsibilities & Deliverables: Social Media Data Aggregation: Develop a robust scraper to gather data, trends, and content ideas from public profiles on Instagram and other relevant social media platforms. Ensure the scraping process is reliable and respects platform terms of service. AI-Powered Content Generation: Build an AI engine (leveraging LLMs) that analyzes aggregated data to identify trending topics and content formats. The engine must generate comprehensive content outlines and full scripts for Instagram Reels and other video formats. Outputs must include engaging hooks, compelling captions, relevant hashtags, and suggestions for trending audio. Content Management & Approval Workflow: Integrate the content generation engine with Google Sheets. Automatically populate a spreadsheet with a full 15-day content calendar for review and approval. The system should be designed to be user-friendly for a non-technical reviewer. Automated Social Media Posting: Develop a module that automatically posts the approved content from the Google Sheet to the respective social media profiles (e.g., Instagram). The tool must handle scheduling, tagging, and posting across different content types (Reels, Stories, Posts). Required Skills & Experience: Primary Skills: Proficiency in Python. Extensive experience with web scraping libraries and frameworks (e.g., Scrapy, Beautiful Soup, Selenium). Deep understanding of Natural Language Processing (NLP) and hands-on experience with Large Language Models (LLMs) via APIs (e.g., OpenAI, Gemini) or libraries (e.g., Hugging Face). Proven experience with Google Sheets API and Google App Script for automation. Expertise in integrating with social media APIs, particularly the Meta API for Instagram. Preferred Qualifications: A portfolio with examples of similar AI automation or social media bot projects. Experience in developing AI-driven marketing and promotional tools. Familiarity with creating AI personas or virtual influencers is a strong plus. Excellent problem-solving skills and ability to build a system from the ground up. How to Apply: Please submit your proposal with the following: A brief cover letter explaining your approach to this project. Links to your portfolio or at least three relevant examples of past work, specifically highlighting AI, automation, and social media integration projects. Your estimated timeline and cost for this project.",
    "technologies": "Data Scraping | Google Sheets Automation | API Integration | Artificial Intelligence | Automation"
  },
  {
    "title": "Automated Land Registry Alert System Development",
    "url": "https://www.upwork.com/jobs/Automated-Land-Registry-Alert-System-Development_~021933456571735746464/?referrer_url_path=/nx/search/jobs/",
    "posted": "1 hour ago",
    "price": "$250.00",
    "summary": "Build an Automated Property-Alert Tool Using HM Land Registry Data About Us: We are a UK law firm that needs to keep an eye on lots of properties. The public HM Land Registry “Property Alert” service is limited to 10 titles per account, so we’re looking for a freelancer who can create a lightweight alternative. What We Need: Automatic monitoring of any number of HM Land Registry titles (initially ~50, but must be scalable). An email alert whenever something new is lodged against a title (e.g. application, official search). A simple way to add/remove titles and change recipient email addresses (CSV import, small web form or similar - up to you). Clear hand-over notes so our IT team can run and maintain it. We know HM Land Registry offers the Business Gateway API; if you have another reliable way to achieve the same result, we’re open to ideas. The key outcome is fast, accurate alerts without the 10-property cap. Timescale: -Target delivery: within 4-6 weeks (negotiable) -A short outline of how you’d tackle the problem (API, screen-scrape, third-party service, etc.). -Any relevant experience - Land Registry work, similar monitoring tools, or UK government APIs. -Rough timeline and any major milestones. -Any assumptions or prerequisites (e.g. API credentials we must supply).",
    "technologies": "MySQL | API | Robotic Process Automation Software | Problem Solving | Software Architecture"
  },
  {
    "title": "Web Scraping & Shopify Product Integration Specialist Needed",
    "url": "https://www.upwork.com/jobs/Web-span-class-highlight-Scraping-span-amp-Shopify-Product-Integration-Specialist-Needed_~021933455730068957088/?referrer_url_path=/nx/search/jobs/",
    "posted": "1 hour ago",
    "price": "",
    "summary": "We are looking for an experienced Web Scraping and Shopify Integration expert to help us automate the process of transferring products from our distributor’s B2B website into our Shopify store. Your tasks will include: • Scraping product data (titles, descriptions, specifications, images, prices, variants, inventory status, etc.) from our distributor’s website, which is password-protected and requires secure access. • Organizing and validating scraped data to ensure accuracy and completeness. • Importing the organized product data into Shopify, ensuring proper formatting and SEO-friendly product listings. • Automating ongoing synchronization so our Shopify store remains updated with changes from our distributor (e.g., inventory updates, price changes). Skills Required: • Proven experience with web scraping technologies (Python, Scrapy, Selenium, BeautifulSoup, or similar) • Shopify expertise, specifically with bulk product imports (Matrixify app or Shopify CSV imports) • Strong knowledge of data integration and automation tools (Make.com, Zapier, custom API) • Excellent attention to detail, accuracy, and reliability Preferred: • Prior experience with similar eCommerce integration projects • Understanding of SEO best practices for product listings on Shopify Project Duration: Initially a fixed-term project with potential for ongoing work based on performance. How to Apply: Please submit your proposal along with: • Your experience with similar Shopify projects • Examples of past scraping and integration projects • Estimated timeline and budget We look forward to your application!",
    "technologies": "Data Scraping | Shopify | JavaScript | Python | Microsoft Excel | Data Entry | Web Development"
  },
  {
    "title": "Build Script to Scrape Trending Sounds from TikTok & Instagram (U.S. Content)",
    "url": "https://www.upwork.com/jobs/Build-Script-span-class-highlight-Scrape-span-Trending-Sounds-from-TikTok-amp-Instagram-Content_~021933453258901713539/?referrer_url_path=/nx/search/jobs/",
    "posted": "1 hour ago",
    "price": "$50.00",
    "summary": "Hi, I'm looking for a freelancer to build a complete system I can use that scrapes the most used sounds from TikTok and Instagram each week. Not what the platforms recommend, but what's actually trending based on usage across hundreds of posts. What the system must do: - Scrape TikTok and Instagram Reels to detect the most used sounds from public videos - Analyze hundreds of videos per week, ideally from U.S.-based content (U.S. proxies or location filtering required) - Output a list of top trending sounds, including: Sound name / Number of times used / Link to the sound / Platform (TikTok or Instagram) / Date pulled - Export results to a connected Google Sheet - Should be run manually (I’ll click to run doesn’t need to be automated on a timer, unless it's possible to do so) - Must be able to run from a Mac terminal - Must work around anti-bot measures (CAPTCHAs, rate-limits, stealth browsers, or cookie sessions) - I will then need clear instructions as a screen recording on how I can use it myself Possibility of additional work if project completed successfully. Thank you.",
    "technologies": "Data Scraping | Python | Instagram API | Automation | Scripting | JavaScript"
  },
  {
    "title": "Email Address Research for UK Pubs",
    "url": "https://www.upwork.com/jobs/Email-Address-Research-for-Pubs_~021933452542191628931/?referrer_url_path=/nx/search/jobs/",
    "posted": "2 hours ago",
    "price": "$100.00",
    "summary": "We are seeking a dedicated freelancer to collect email addresses for pubs in the UK. The primary focus will be on finding 'contact@' or 'info@' emails listed on their official websites. This project requires attention to detail and the ability to verify the accuracy of the information gathered. If you have experience in web research and are familiar with data collection tools, we would love to hear from you. Please provide any relevant examples of past work in similar tasks.",
    "technologies": "Data Scraping | Data Entry | Data Mining"
  },
  {
    "title": "Lead Generation Specialist Needed",
    "url": "https://www.upwork.com/jobs/Lead-Generation-Specialist-Needed_~021933447833264072608/?referrer_url_path=/nx/search/jobs/",
    "posted": "2 hours ago",
    "price": "",
    "summary": "We are seeking a motivated Lead Generation Specialist to help us identify and qualify potential clients. The ideal candidate will have experience in researching target markets and generating high-quality leads through various channels, including social media, email campaigns, and online research. Your ability to analyze prospects and provide detailed reports will be crucial for our success. If you're passionate about driving growth and helping businesses thrive, we want to hear from you!",
    "technologies": "Data Scraping | Lead Generation | Data Entry | List Building | Prospect List"
  },
  {
    "title": "Small, fixed-price webscraping job",
    "url": "https://www.upwork.com/jobs/Small-fixed-price-webscraping-job_~021933445098426102403/?referrer_url_path=/nx/search/jobs/",
    "posted": "2 hours ago",
    "price": "",
    "summary": "Hi there upworkers, I'm trying to create a unique present for a friend. He's been in the media a bit (Google search showed 2.5k search results). I'd like you to scrape the web for text about/from him and deliver this as a data file. I will then create a word cloud for this retirement. Please apply with a fixed-priced offer. Thanks Sabine",
    "technologies": "Data Scraping"
  },
  {
    "title": "Web Scraping Expert Needed for Price and Product Data Extraction",
    "url": "https://www.upwork.com/jobs/Web-span-class-highlight-Scraping-span-Expert-Needed-for-Price-and-Product-Data-Extraction_~021933444220647122848/?referrer_url_path=/nx/search/jobs/",
    "posted": "2 hours ago",
    "price": "$300.00",
    "summary": "I am looking for an experienced web scraper to assist with extracting prices and product information from my website. The ideal candidate will have strong technical skills in web scraping and data manipulation. You will be responsible for developing a scraping solution that can efficiently gather the required data while adhering to best practices and website terms of service. If you have a proven track record in web scraping, please apply with examples of your previous work.",
    "technologies": "Data Scraping | Microsoft Excel | Scrapy | Data Entry"
  },
  {
    "title": "ZoomInfo List Builder for Targeted Lead Generation",
    "url": "https://www.upwork.com/jobs/ZoomInfo-List-Builder-for-Targeted-Lead-Generation_~021933438273917104720/?referrer_url_path=/nx/search/jobs/",
    "posted": "2 hours ago",
    "price": "",
    "summary": "We are seeking a skilled ZoomInfo List Builder to assist in our targeted lead generation efforts. The ideal candidate will have experience in gathering and compiling high-quality leads using ZoomInfo's platform. Your role will include identifying prospects that fit our target criteria, ensuring data accuracy, and providing organized lists for our sales team. Attention to detail and a strong understanding of lead generation strategies are essential. If you're adept at using ZoomInfo and can deliver results efficiently, we want to hear from you!",
    "technologies": "Data Scraping | Prospect List | List Building | Lead Generation | Data Entry"
  },
  {
    "title": "All-in-One Scraping for Facebook, Instagram, LinkedIn",
    "url": "https://www.upwork.com/jobs/All-One-span-class-highlight-Scraping-span-for-Facebook-Instagram-LinkedIn_~021933437588465157391/?referrer_url_path=/nx/search/jobs/",
    "posted": "3 hours ago",
    "price": "$50.00",
    "summary": "I need a solution to scrape Facebook, Instagram and LinkedIn sites from URLs. The point of this: I want to build a scraping tool into my n8n workflow. I'm scraping Google Search Results and if among the results a FB/IG/LinkedIn. I already have the workflow built, but I need to find a solution to scrape these sites. Please make a suggestion of how we could build something like this. Also inlclude any past references.",
    "technologies": "Web Scraping | Data Scraping | API Integration | Data Extraction | Web Crawling | Data Mining | Node.js"
  },
  {
    "title": "Lambda Function for form submission behind cloudflare",
    "url": "https://www.upwork.com/jobs/Lambda-Function-for-form-submission-behind-cloudflare_~021933437575111406211/?referrer_url_path=/nx/search/jobs/",
    "posted": "3 hours ago",
    "price": "$75.00",
    "summary": "Seeking a developer to create a python Lambda function that can successfully submit a POST form on a website behind cloudflare. The ideal candidate should have experience with AWS Lambda, python, web scraping, posting POST request on websites from lambda, and handling security measures like Cloudflare. This project requires your ability to prioritize between lean & but unreliable solution (e.g. cloudscaper, or interacting directly with API/endpoint behind the web page) vs. bazooka (e.g. Puppeteer, Selenium), ideally using the lean and efficient solution - while falling back on the bazooka when the former fails.",
    "technologies": "JavaScript | Web Development | PHP | HTML | Python"
  },
  {
    "title": "Memecoins",
    "url": "https://www.upwork.com/jobs/Memecoins_~021933436839674521504/?referrer_url_path=/nx/search/jobs/",
    "posted": "3 hours ago",
    "price": "",
    "summary": "Hi, i need a bot tha auto Buy/sell memecoins. Kindly drop me a text if you know how to do it.",
    "technologies": "Web Scraping | Data Scraping | Web Scraping Software | Bot Development | Data Extraction"
  },
  {
    "title": "Data Crawler Needed to Gather Swahili and Yoruba 10000 Websites",
    "url": "https://www.upwork.com/jobs/Data-Crawler-Needed-Gather-Swahili-and-Yoruba-10000-Websites_~021933429466083127939/?referrer_url_path=/nx/search/jobs/",
    "posted": "3 hours ago",
    "price": "$200.00",
    "summary": "We are looking for an experienced data crawler to help us identify and compile a list of 10,000 websites in Swahili and Yoruba. The ideal candidate will have a strong background in web scraping and data mining, with the ability to navigate various sites effectively. You should be detail-oriented and able to deliver a well-organized list of URLs. If you have experience in multilingual data research, we want to hear from you!",
    "technologies": "Data Scraping | Data Mining | Data Entry | Data Extraction"
  },
  {
    "title": "Node/TypeScript Dev - Build Mercado Livre Buy-Box Repricing Bot (scrape + API) Automation via MCP",
    "url": "https://www.upwork.com/jobs/Node-TypeScript-Dev-Build-Mercado-Livre-Buy-Box-Repricing-Bot-span-class-highlight-scrape-span-API-Automation-via-MCP_~021933427079318631043/?referrer_url_path=/nx/search/jobs/",
    "posted": "3 hours ago",
    "price": "$400.00",
    "summary": "We need a skilled Node 18 / TypeScript freelancer to turn an open-source MCP server ( https://github.com/newerton/mcp-mercado-livre ) into a fully-automated buy-box repricing service for our Mercado Livre store (Brazil). High-level tasks 1. Deploy & harden the existing MCP server on a São Paulo VPS (or US VPS + BR proxy) under PM2. 2. Add a buy_box tool that scrapes the catalogue page and returns the top-3 offers (seller, price, rank). 3. Add an update_price tool that calls the official Mercado Livre API (OAuth) to change our offer price. 4. Build an hourly cron script that reads a CSV of SKUs, undercuts the cheapest competitor by R$ 1.00 (respecting a floor price), then updates our listing. 5. Log each run (timestamp, SKU, old/new price, competitor seller) to a Google Sheet through the Sheets API. 6. Implement token refresh, proxy support, /alive health endpoint, structured logs, and unit tests (≥80 % coverage for new code). You will receive - Detailed 5-page technical spec (attached). - Mercado Livre API credentials and test SKUs. - VPS or AWS IAM user with the right permissions. Must-have skills - Node.js 18+, TypeScript, PM2, Cheerio/HTML scraping. - Experience with OAuth flows and REST APIs. - Familiarity with Google Sheets API. - Good English or Portuguese communication. Nice-to-have - Prior work on Mercado Livre, Amazon, or other marketplace bots. - Proxy/anti-bot know-how. - Testing with Jest. If this fits your expertise, please: 1) Share 1–2 similar scraping + API projects. 2) Confirm your availability next week. 3) State whether you prefer Lightsail São Paulo or proxy route. We are a Brazilian e-commerce brand and plan long-term tech work—great performance here will lead to ongoing projects.",
    "technologies": "TypeScript | API | JavaScript | Automation"
  },
  {
    "title": "Web Research for Business Names for URL and Email",
    "url": "https://www.upwork.com/jobs/Web-Research-for-Business-Names-for-URL-and-Email_~021933424764321957136/?referrer_url_path=/nx/search/jobs/",
    "posted": "3 hours ago",
    "price": "$5.00",
    "summary": "I have a list of approximately 50 business names and Suburbs (all on the Gold Coast, QLD, Australia). I need some one who can work for me for finding the names and emails of given list. This is a job for someone who use manual scraping or web research. I was hoping to get the info in the next 24 hrs.",
    "technologies": "Data Scraping | Data Entry | Company Research | Lead Generation | Data Mining | Microsoft Excel | Contact List"
  },
  {
    "title": "Lead Generation",
    "url": "https://www.upwork.com/jobs/Lead-Generation_~021933422609943786115/?referrer_url_path=/nx/search/jobs/",
    "posted": "4 hours ago",
    "price": "",
    "summary": "Lead Generation for US-based IECs. Data Refresh of current leads",
    "technologies": "Data Scraping | Sales Lead Lists | List Building | Contact List | Email List | Prospect List | Sales Leads"
  },
  {
    "title": "Data Collection for Marketing Content Types",
    "url": "https://www.upwork.com/jobs/Data-Collection-for-Marketing-Content-Types_~021933422500454761743/?referrer_url_path=/nx/search/jobs/",
    "posted": "4 hours ago",
    "price": "$500.00",
    "summary": "We need data for each of the content type attached below for the 300 companies provided in the excel sheet. Providing examples for each content type for data extraction. I need a jsonl file with the following schema [ \"content_type\":\"blog\", \"title\":\" title extracted from web page\", \"content\":\"actual content extracted\", \"source_url\":\"abc.com/blog\" ] Sample example for each content type: Blog post (company site): https://www.shopify.com/blog/dropshipping-guide shopify.com LinkedIn post (company page): https://www.linkedin.com/company/hubspot/updates linkedin.com Case study: https://www.hubspot.com/case-studies/angel-city hubspot.com Customer story: https://www.shopify.com/ca/case-studies/boie shopify.com Email sequence example: https://blog.hubspot.com/service/email-onboarding-sequence blog.hubspot.com Recap blog: https://cloud.google.com/blog/topics/google-cloud-next/google-cloud-next-2024-wrap-up cloud.google.com Event follow-up (gallery + templates): https://knak.com/email-gallery/event-follow-up-email/ knak.com FAQ article: https://www.airbnb.com/help/article/1515 airbnb.com Campaign brief template: https://offers.hubspot.com/creative-brief-template offers.hubspot.com E-book landing: https://offers.hubspot.com/an-introduction-to-email-marketing offers.hubspot.com Newsletter signup page: https://www.shopify.com/newsletter shopify.com Press release: https://www.apple.com/newsroom/2025/06/apple-intelligence-gets-even-more-powerful-with-new-capabilities-across-apple-devices/ apple.com White paper (PDF): https://wild.solutions/wp-content/uploads/2024/06/Wild-white-paper_compressed-1.pdf wild.solutions Landing page: https://stripe.com/payments/checkout stripe.com Product page: https://github.com/features/copilot github.com Competitive comparison page: https://www.hubspot.com/comparisons/salesforce-vs-hubspot hubspot.com Home page: https://www.shopify.com shopify.com Promotional email example: https://reallygoodemails.com/emails/flash-sale-save-20-on-everything reallygoodemails.com List of asset types: Blog post (Company website) Linkedin post (company linkedin page) Case study (Company website) Customer story (Company website) Email sequence Recap blog Event follow-up FAQ Campaign brief Ebook Newsletter Press release White paper Landing Pages Product pages Competitive comparison pages Home pages Promotional email Goal is to provide jsonl schema such that each company has all the assets types reflected in the schema with scraped content",
    "technologies": "Python | Selenium | Data Extraction | Data Integration | API Integration"
  },
  {
    "title": "ZoomInfo List Builder Needed for Targeted Lead Generation",
    "url": "https://www.upwork.com/jobs/ZoomInfo-List-Builder-Needed-for-Targeted-Lead-Generation_~021933420603016226720/?referrer_url_path=/nx/search/jobs/",
    "posted": "4 hours ago",
    "price": "",
    "summary": "We are seeking a skilled ZoomInfo List Builder to assist in creating a targeted list of potential leads for our marketing campaigns. The ideal candidate will have experience using ZoomInfo to extract valuable contact information and build a comprehensive database. You should be detail-oriented and able to efficiently filter and organize leads based on specific criteria. A strong understanding of market research and lead generation strategies is essential. If you have a proven track record in this area, we would love to hear from you! Relevant Skills: - Proficiency in ZoomInfo - Data entry and management - Lead generation strategies - Market research - Attention to detail",
    "technologies": "Data Scraping | List Building | Prospect List | Lead Generation | Data Entry"
  },
  {
    "title": "Lead generation",
    "url": "https://www.upwork.com/jobs/Lead-generation_~021933419266304124832/?referrer_url_path=/nx/search/jobs/",
    "posted": "4 hours ago",
    "price": "$10.00",
    "summary": "We are looking for comprehensive lists, via searching and other methods online, with an expert list building or data scraper of the following lists. Firefighters or ex-firefighters - From Linkedin, job posts, or other ways of putting together a list of current or past firefighters",
    "technologies": "Data Scraping | Lead Generation | List Building | Prospect List | Data Entry | Market Research"
  },
  {
    "title": "Pitchbook Data Extraction for Paddle Companies",
    "url": "https://www.upwork.com/jobs/Pitchbook-Data-Extraction-for-Paddle-Companies_~021933418908659249795/?referrer_url_path=/nx/search/jobs/",
    "posted": "4 hours ago",
    "price": "$40.00",
    "summary": "Data from Pitchbook regarding paddle companies. The focus will be on gathering EBITDA, sales multiples, and equity values. Descriptions of the companies along with their revenue and ebitda level if available.",
    "technologies": "Data Scraping | Microsoft Excel | Data Entry | Data Mining"
  },
  {
    "title": "AI Data Collection Vendors Needed for OTS Project",
    "url": "https://www.upwork.com/jobs/Data-Collection-Vendors-Needed-for-OTS-Project_~021933418771291599491/?referrer_url_path=/nx/search/jobs/",
    "posted": "4 hours ago",
    "price": "",
    "summary": "We are seeking reliable vendors, including companies and freelancers, to assist with AI data collection for our organization. The ideal candidates will have experience in gathering and managing data sets tailored for AI applications. Your expertise will support our ongoing projects and contribute to enhancing our AI capabilities. If you have a track record of efficient data collection and are familiar with various data sourcing methods, we want to hear from you!",
    "technologies": "Data Scraping | Data Entry | Data Extraction | Natural Language Processing | Data Collection | Audio Transcription"
  },
  {
    "title": "Google Maps Lead Generation and List Building",
    "url": "https://www.upwork.com/jobs/Google-Maps-Lead-Generation-and-List-Building_~021933414570822739872/?referrer_url_path=/nx/search/jobs/",
    "posted": "4 hours ago",
    "price": "",
    "summary": "We are seeking a detail-oriented freelancer to assist with list building based on Google Maps leads. Your task will involve extracting relevant business information such as contact details, website links, and key attributes from Google Maps. The ideal candidate should be proficient in data collection methods and possess strong attention to detail to ensure accuracy. If you have experience with lead generation and are familiar with Google Maps, we would love to hear from you!",
    "technologies": "Data Scraping | Data Entry | Prospect List | List Building"
  },
  {
    "title": "URGENT: Data Entry, CRM Report Data Needs to be added to Spreadsheet (Need Tonight)",
    "url": "https://www.upwork.com/jobs/URGENT-Data-Entry-CRM-Report-Data-Needs-added-Spreadsheet-Need-Tonight_~021933368197887198479/?referrer_url_path=/nx/search/jobs/",
    "posted": "4 hours ago",
    "price": "$30.00",
    "summary": "⸻ Job Description: I need help entering Salesforce sales activity data into a structured Google Sheet. I’ll provide: • A .CSV export from Salesforce with recent activity • A Google Sheet template • A list of 16 target accounts Your job: • Match activity rows to the correct and add the 16 accounts to the spreadsheet • Log the last activity, • Organize it clearly so it can be reviewed by my team in the morning before 8am pacific time",
    "technologies": "Data Scraping | Data Entry | LinkedIn Lead Generation | Email List | Prospect List | B2B Lead Generation"
  },
  {
    "title": "Lead Generation Specialist Needed",
    "url": "https://www.upwork.com/jobs/Lead-Generation-Specialist-Needed_~021933411874527326800/?referrer_url_path=/nx/search/jobs/",
    "posted": "4 hours ago",
    "price": "$5.00",
    "summary": "We are seeking a skilled Lead Generation Specialist to help us identify and engage potential clients. The ideal candidate will have a proven track record in generating high-quality leads through various channels such as social media, email campaigns, and online research. You will be responsible for developing targeted lists, managing outreach efforts, and tracking progress to ensure we meet our growth objectives. If you are results-driven and have excellent communication skills, we'd love to hear from you!",
    "technologies": "Data Scraping | Lead Generation | Data Entry | List Building | Prospect List"
  },
  {
    "title": "Product Data Scraping Expert for WooCommerce Integration",
    "url": "https://www.upwork.com/jobs/Product-Data-span-class-highlight-Scraping-span-Expert-for-WooCommerce-Integration_~021933400902683231503/?referrer_url_path=/nx/search/jobs/",
    "posted": "5 hours ago",
    "price": "$30.00",
    "summary": "I am looking for an experienced candidate to help me scrape product data (text and images) from the website https://www.qzkingkong.com/products.html and import it directly into my WooCommerce store. The ideal candidate should have experience with: Web scraping techniques and tools (such as Scrapy, BeautifulSoup, or similar). Extracting product details (name, description, specifications, and image URLs). Working with WooCommerce or other e-commerce platforms for data import. Handling lazy-loaded images and ensuring they are properly extracted. Knowledge of regex for data manipulation and cleanup, if needed. Key Responsibilities: Scrape product information from http://rolledstainlesssteelsheet.com/, including text descriptions, specifications, and images. Clean and format the data to be imported into WooCommerce. Ensure images are properly downloaded and associated with the correct products in the WooCommerce backend. Provide a smooth data transfer process with minimal errors or issues. Required Skills and Experience: Proven experience in web scraping and importing data into WooCommerce. Familiarity with handling lazy-loaded images and regex. Strong attention to detail and ability to meet deadlines. Ability to deliver results quickly and efficiently. If you have relevant experience and can deliver high-quality results promptly, please apply and include samples of similar work you've done in the past.",
    "technologies": "Data Scraping | WooCommerce | PHP | JavaScript"
  },
  {
    "title": "Lead Gen for AI Automation Agency",
    "url": "https://www.upwork.com/jobs/Lead-Gen-for-Automation-Agency_~021933395380023863200/?referrer_url_path=/nx/search/jobs/",
    "posted": "5 hours ago",
    "price": "",
    "summary": "Hi! I am posting this because I need to find paying clients for my AI automation agency. My agency will use an automated Al system to capture new leads and follow up with them automatically to set appointments, among other valuable tasks. I need your help finding businesses that I can assist. I would preferably like to work with the following businesses located in the US: Dentists Med spas HVAC Plumbers Chiropractors Contractors Roofers Auto Repair Pest Control Please let me know if you could help with this! $$$",
    "technologies": "Web Scraping | Data Entry | Lead Generation | Microsoft Excel | Market Research | Google APIs | Cold Email"
  },
  {
    "title": "Long-Term Data Extraction for Academic Research Projects",
    "url": "https://www.upwork.com/jobs/Long-Term-Data-Extraction-for-Academic-Research-Projects_~021933382589039150351/?referrer_url_path=/nx/search/jobs/",
    "posted": "6 hours ago",
    "price": "",
    "summary": "Long-Term Python/Data Developer Needed for Academic Research Projects (Initial Task: SEC EDGAR Press Release Extraction) Description: I'm looking for a reliable and skilled data developer who can support me on an ongoing basis with various data-related tasks that arise in the course of my academic research work. While the first task is clearly defined—extracting and cleaning press releases (Exhibit 99.1) from Form 8-K filings across ~600 public U.S. firms from the SEC EDGAR system using Python—this engagement is intended to be long-term and flexible. I often work on research projects where the data needs are diverse and evolving. Future work may involve: • Web scraping • Parsing unstructured documents • Managing large datasets • Writing automation scripts • Data cleaning, formatting, and extraction The complexity and frequency of tasks will vary depending on the specific research project. ________________________________________ 🔧 Technical Skills I’m looking for someone who is confident with: • Python (required); R (preferred) • HTML/XML parsing, including tools like BeautifulSoup or lxml • Web scraping frameworks like Requests, Selenium, or Scrapy • PDF parsing using tools like PyPDF2, pdfplumber, or similar • Data wrangling and cleaning using pandas or tidyverse • Familiarity with APIs and document automation • Experience working with unstructured or semi-structured data • Version control (Git) is a plus • If you already have experience with collecting data for academic research, it’s a plus ________________________________________ 🤝 Soft Skills & Work Ethic • Reliable, precise, and detail-oriented, especially when handling data • Responsive and communicative — replies in a timely manner • Ethical — handles data with integrity and professionalism • Adaptable — open to solving problems that vary in complexity • Self-driven — able to work independently and troubleshoot when needed • Willing to build a long-term relationship with recurring collaboration ________________________________________ This first task will involve writing Python scripts to download and clean press releases (Exhibit 99.1) from SEC EDGAR 8-K filings for 600+ firms over the past 2–6 years. Please include in your application (or CV) any relevant experience with web scraping, data parsing, or similar work. Compensation will be negotiated per task, based on scope and complexity. This is academic research work, not for commercial use, but the quality of work required is high. Looking forward to working with someone dependable, skilled, and interested in a long-term collaboration.",
    "technologies": "Data Scraping | API Integration | Python"
  },
  {
    "title": "Automated Keyword Alert System for Craigslist",
    "url": "https://www.upwork.com/jobs/Automated-Keyword-Alert-System-for-Craigslist_~021933373229481144912/?referrer_url_path=/nx/search/jobs/",
    "posted": "7 hours ago",
    "price": "",
    "summary": "We are seeking a skilled developer to create a system that automatically monitors Craigslist postings across all U.S. cities for specific keywords. The system should send email alerts whenever any of the defined keywords appear in new posts. This project requires a strong understanding of web scraping, email notifications, and the Craigslist platform. If you have experience in building automated systems and can deliver a user-friendly solution, we would love to hear from you.",
    "technologies": "Automation | Python | Amazon Web Services | Scripting | PHP"
  },
  {
    "title": "Lead Generation Specialist – Identify Australian Companies Using Direct Philippine Contractors",
    "url": "https://www.upwork.com/jobs/Lead-Generation-Specialist-Identify-Australian-Companies-Using-Direct-Philippine-Contractors_~021933366699317234111/?referrer_url_path=/nx/search/jobs/",
    "posted": "7 hours ago",
    "price": "$20.00",
    "summary": "We are seeking an experienced lead generation specialist to create a targeted B2B list of Australian companies that directly engage full-time independent contractors in the Philippines (i.e. without going through an agency or outsourcing provider). The ideal candidate will have a proven track record of identifying and validating remote workforce arrangements through platforms such as LinkedIn, job boards, company websites, and socials. You will be responsible for delivering a clean, well-organised Excel file that includes: • Company name • Decision-maker name (e.g. Founder, CEO, Operations Manager) • Email and LinkedIn URL • Company website • Number of contractors and in what capacity (industry / roles) is preferred • Notes confirming direct contractor engagement (e.g. public job ad, team profile, etc.) We are targeting private businesses with 3 - 100 staff in the Philippines in industries such as accounting, recruitment, digital marketing, eCommerce or tech (businesses known to hire offshore talent). Please include: • Your methodology for identifying qualified leads • Examples of similar projects • Estimated timeframe for delivering an initial batch of 100 verified contacts • Strong performance may lead to ongoing projects.",
    "technologies": "Data Scraping | Data Entry | List Building | Prospect List | Lead Generation"
  },
  {
    "title": "instagram and facebook DM system - python",
    "url": "https://www.upwork.com/jobs/instagram-and-facebook-system-python_~021933363366902114209/?referrer_url_path=/nx/search/jobs/",
    "posted": "7 hours ago",
    "price": "$200.00",
    "summary": "system with dashboard login to manage accounts and send DMs for facebook / instagram. YOU MUST HAVE BUILT SYSTEMS LIKE THIS BEFORE",
    "technologies": "Automation | Python"
  },
  {
    "title": "LinkedIn Profiles needed for Bulk data Scraping",
    "url": "https://www.upwork.com/jobs/LinkedIn-Profiles-needed-for-Bulk-data-span-class-highlight-Scraping-span_~021933360285020140112/?referrer_url_path=/nx/search/jobs/",
    "posted": "8 hours ago",
    "price": "",
    "summary": "We are seeking bulk LinkedIn profiles for data scraping to extract information from LinkedIn profiles. The ideal candidate will have experience with web scraping tools and techniques, ensuring accuracy and efficiency in data collection, including LI accounts. This project involves gathering specific data fields from LinkedIn profiles for research purposes, and the ability to handle large volumes of data is essential. If you have a keen eye for detail and a strong understanding of LinkedIn's structure, we want to hear from you!",
    "technologies": "Data Scraping | Data Mining | Data Entry"
  },
  {
    "title": "Make.com & N8N Automation Specialist",
    "url": "https://www.upwork.com/jobs/Make-com-N8N-Automation-Specialist_~021933349452722301155/?referrer_url_path=/nx/search/jobs/",
    "posted": "8 hours ago",
    "price": "$500.00",
    "summary": "We're looking for an specialist who knows Make.com and n8n inside and out. If you're someone who loves building smart, scalable automations, and you're looking for long-term, consistent work on a monthly retainer (with performance-based bonuses), this is for you. What You'll Be Automating: 1. Sales systems (cold outreach, follow-ups, lead scoring, etc.) 2. Lead generation workflows (Apollo, LinkedIn, scraping, enrichment, routing) 3. CRM management (lead tagging, pipeline updates, status automations) 4. Content creation automations (text-to-video, auto-posting, content repurposing) 5. Additional automations as we grow — we’re building a performance-driven engine. Compensation: 1. Monthly Retainer (flexible based on experience and commitment level) 2. Performance-Based Bonuses for revenue-driving automations 3. Opportunity to grow into a lead technical role as we scale Commitment: * This is not a one-off gig — we're looking for a long-term partner who wants to grow with us. * Flexible hours, async-friendly — just deliver excellent work.",
    "technologies": "Make.com | n8n"
  },
  {
    "title": "Web Scraper Needed for AI Event Attendee List Extraction",
    "url": "https://www.upwork.com/jobs/Web-Scraper-Needed-for-Event-Attendee-List-Extraction_~021933345989349508367/?referrer_url_path=/nx/search/jobs/",
    "posted": "9 hours ago",
    "price": "$150.00",
    "summary": "We are seeking an experienced web scraper to help us extract attendee lists from LinkedIn hashtags, event sites, and event apps specifically targeting AI buyers. The ideal candidate should have a strong background in data scraping, be familiar with social media platforms, and be able to deliver clean, structured data. Your expertise will significantly contribute to our outreach efforts. If you are skilled in navigating various online platforms and have experience with scraping tools, we'd love to hear from you! Goal: I want to build a list of AI buyers (VP, Director, C-level roles) from recent AI industry events for outreach.",
    "technologies": "Data Scraping | Data Mining | Data Entry | Python"
  },
  {
    "title": "E-commerce Web Scraper Development Using Chrome Plugin",
    "url": "https://www.upwork.com/jobs/commerce-Web-Scraper-Development-Using-Chrome-Plugin_~021933345027207541328/?referrer_url_path=/nx/search/jobs/",
    "posted": "9 hours ago",
    "price": "$50.00",
    "summary": "We are seeking an experienced freelancer to develop a web scraper for e-commerce websites using the Chrome web scraper plugin. The ideal candidate will have a strong understanding of web scraping techniques, data extraction, and data manipulation. You will be responsible for configuring the plugin to effectively scrape product information and pricing data from specified websites. Attention to detail and the ability to work independently are essential for this role.",
    "technologies": "JavaScript | PHP | HTML | API | Google Chrome Extension"
  },
  {
    "title": "\"Looking for Developer to Create Ticketlink Auto Booking & Direct Link Generator Tool\"",
    "url": "https://www.upwork.com/jobs/Looking-for-Developer-Create-Ticketlink-Auto-Booking-Direct-Link-Generator-Tool_~021933341917145892111/?referrer_url_path=/nx/search/jobs/",
    "posted": "9 hours ago",
    "price": "$70.00",
    "summary": "We are looking for a developer to create a lightweight automation tool that interacts with Ticketlink for time-sensitive ticket booking. Goal: At a specific time (e.g., 10:00 AM), Ticketlink activates the \"Book Now\" button for certain events. The direct booking URL (with scheduleId) becomes accessible only at that moment. We need a program that: Opens the target Ticketlink event page at the exact specified time Detects when the \"Book Now\" button appears Extracts the booking link with scheduleId Optionally clicks the button automatically Outputs or logs the direct booking link (for backup or reuse) Must run on Windows (a packaged .exe is ideal) Preferred Skills: Python + Selenium or Node.js + Puppeteer Experience with browser automation and anti-bot measures Ability to package scripts into Windows executables Familiarity with dynamic content loading and DOM detection Optional: CAPTCHA handling (if needed) Logging or UI for user feedback",
    "technologies": "Web Scraping | Selenium | Puppeteer | Browser Automation"
  },
  {
    "title": "Web Scraping - WV contractors",
    "url": "https://www.upwork.com/jobs/Web-span-class-highlight-Scraping-span-contractors_~021933336829507482192/?referrer_url_path=/nx/search/jobs/",
    "posted": "9 hours ago",
    "price": "$200.00",
    "summary": "Goal: scrape all records from the following website: https://wvclboard.wv.gov/verify/ Search method: Select each county and search. Unless there is an easier way. Page through all results. Grab the data from the search results table and write the data to a json lines file (each line of the file is a self-contained JSON object) Technology: script must be in python. Using either scrapy, or playwright if needed. Deliverable: Script that can be run to collect all the data and instructions on how to run, and what type of proxies should be used. Example JSON object attached",
    "technologies": "Web Scraping | Data Scraping | Scrapy | Python"
  },
  {
    "title": "Web Scraping - MA contractors",
    "url": "https://www.upwork.com/jobs/Web-span-class-highlight-Scraping-span-contractors_~021933335105202260415/?referrer_url_path=/nx/search/jobs/",
    "posted": "9 hours ago",
    "price": "$200.00",
    "summary": "Goal: scrape all records from the following website: https://contractorhub.mass.gov/s/hic-contractor-search Search method: either search by contractor name, every combination of 3 possible characters. Or search by license number by determining the minimum and maximum number. Visit the details page for each record, and write the data to a json lines file (each line of the file is a self-contained JSON object) Technology: script must be in python. Using either scrapy, or playwright if needed. Deliverable: Script that can be run to collect all the data and instructions on how to run, and what type of proxies should be used. Json structure example attached. Data should be in attached format, with additional fields added if they are available on the site.",
    "technologies": "Web Scraping | Data Scraping | Scrapy | Python"
  },
  {
    "title": "AI Integration Specialist for Real Estate Automation",
    "url": "https://www.upwork.com/jobs/Integration-Specialist-for-Real-Estate-Automation_~021933330865884661007/?referrer_url_path=/nx/search/jobs/",
    "posted": "10 hours ago",
    "price": "",
    "summary": "We are seeking an experienced professional with expertise in GoHighLevel and go high level ai system (no third party ai) to enhance our real estate operations. The ideal candidate will develop a responsive AI bot capable of handling inquiries via both text and voice. This automation will improve our customer engagement and streamline communication with potential clients. If you have a strong background in AI integration and are passionate about real estate technology, we would love to hear from you!",
    "technologies": "Data Scraping | Python | Lead Generation | Podio | Machine Learning"
  },
  {
    "title": "Web Scraping : Business Names for URL and Email",
    "url": "https://www.upwork.com/jobs/Web-span-class-highlight-Scraping-span-Business-Names-for-URL-and-Email_~021933330046466470480/?referrer_url_path=/nx/search/jobs/",
    "posted": "10 hours ago",
    "price": "$15.00",
    "summary": "I hvae a list of approximately 850 business names and Suburbs (all on the Gold Coast, QLD, Australia). I am wanting to find the WWW / URLS and emails (where available if not just leave blank) This is a job for someone who has Scraping Tools eg Scrapebox, Scraping Bee etc. Not for manual - too much time. I was hoping to get the info in the next 24 hrs. I have attached a list example. Thanks Nathan",
    "technologies": "Data Scraping | Data Mining"
  },
  {
    "title": "Data Extraction and Automation from PDF to Excel",
    "url": "https://www.upwork.com/jobs/Data-Extraction-and-Automation-from-PDF-Excel_~021933326608265127840/?referrer_url_path=/nx/search/jobs/",
    "posted": "10 hours ago",
    "price": "",
    "summary": "We are seeking a skilled freelancer to extract data from PDF files and import it into Excel spreadsheets. The ideal candidate should have experience with data extraction tools and be able to automate the process for efficiency. Your tasks will include analyzing the PDF structure, mapping the data to Excel, and creating a streamlined workflow. If you have a keen eye for detail and can handle large volumes of data, we would love to hear from you.",
    "technologies": "Data Scraping | Microsoft Excel | Data Extraction | Data Entry | Spreadsheet Software"
  },
  {
    "title": "Linkedin Sales Navigator lead pulling",
    "url": "https://www.upwork.com/jobs/Linkedin-Sales-Navigator-lead-pulling_~021933324840370186144/?referrer_url_path=/nx/search/jobs/",
    "posted": "10 hours ago",
    "price": "$50.00",
    "summary": "Looking for someone to pull large lists of leads from linkedin sales navigator. Mainly emails and MOBILE numbers. (CSV files) I will provide the list URL's just need someone to pull CSV's Need someone to do it with their own software or profile not using my linkedin or cookies. Always needing leads so could lead to using you long-term. Budget will be paid per size of each pull or list only. (not hourly)",
    "technologies": "Data Scraping | Lead Generation | List Building | Prospect List | LinkedIn | Data Entry"
  },
  {
    "title": "Website Scraping",
    "url": "https://www.upwork.com/jobs/Website-span-class-highlight-Scraping-span_~021933324624676751807/?referrer_url_path=/nx/search/jobs/",
    "posted": "10 hours ago",
    "price": "$200.00",
    "summary": "I would like to scrape these two sites https://usehalo.com/halopsa/guides/ https://usehalo.com/haloitsm/guides These sites both have a link tree on the left side. I need a scraper to download all the content from those links. My goal is to get these into some kind of format that I can feed to a custom GPT so that I can use ChatGPT to search the content on these sites. I would like one document per above URL",
    "technologies": "Web Scraping | Data Scraping | AI Bot"
  },
  {
    "title": "Need sms numbers of instagram leads",
    "url": "https://www.upwork.com/jobs/Need-sms-numbers-instagram-leads_~021933323720398743456/?referrer_url_path=/nx/search/jobs/",
    "posted": "10 hours ago",
    "price": "$15.00",
    "summary": "I have a lead list of 50 creators/influencers on instagram/ facebook/ LinkedIn/youtube. I need someone to find/extract and get me their personal phone numbers for me so I can do outreach. Don’t care how it’s done. Just need it fast.",
    "technologies": "Data Scraping | Lead Generation | Face Detection"
  },
  {
    "title": "Script Development for PDF Download and Data Interpretation",
    "url": "https://www.upwork.com/jobs/Script-Development-for-PDF-Download-and-Data-Interpretation_~021933321977525668287/?referrer_url_path=/nx/search/jobs/",
    "posted": "10 hours ago",
    "price": "$500.00",
    "summary": "We are seeking a skilled developer to create a script that will automatically download PDFs from a publicly accessible government website. The ideal candidate will also be able to interpret the data contained within these PDFs and extract relevant information. The project requires a strong understanding of web scraping and PDF data extraction techniques. Familiarity with Python or a similar programming language is essential. If you have experience in handling government data and can work efficiently, we would love to hear from you.",
    "technologies": "Data Scraping | Python | Data Mining | Microsoft Excel"
  },
  {
    "title": "Build N8N Lead Gen & Email Outreach Automation - GHL, Instantly, Hunter.io (Enrich + Personalize)",
    "url": "https://www.upwork.com/jobs/Build-N8N-Lead-Gen-Email-Outreach-Automation-GHL-Instantly-Hunter-Enrich-Personalize_~021933317447255156963/?referrer_url_path=/nx/search/jobs/",
    "posted": "10 hours ago",
    "price": "",
    "summary": "We’re hiring a workflow automation expert to help us scale client acquisition using Go High Level (GHL). You’ll be building a fully automated lead generation and cold outreach system that leverages n8n, Hunter, and Instantly to target local businesses based on city and industry. This system will identify, enrich, personalize, and engage prospects and route qualified leads directly into our CRM for follow-up and booking. 🧠 What We’re Looking to Build: 🔍 Lead Generation (Local, Industry-Focused) • Scrape or extract leads from public sources such as business directories and map listings • Focus on businesses that: • Have no website listed • Have outdated or poorly optimized websites • Are not mobile-friendly • Haven’t been updated in 3+ years ⚙️ Email & Contact Enrichment • Use enrichment APIs (e.g. Hunter or Dropcontact) to: • Locate verified emails • Match LinkedIn profiles • Identify website tech stack and general online visibility ✍️ Personalized Outreach • Pull contextual data from websites, profiles, and customer feedback • Auto-generate personalized email openers and first lines • Use data enrichment or AI personalization tools to improve reply rates 💌 Email Campaign Setup (Via Instantly) • Push leads into a cold email platform • Configure multi-step follow-up sequences triggered by: • Opens without reply • Link clicks • Inactivity or bounced emails • Adapt future messages based on lead behavior ✅ Lead Scoring, Routing & Booking • When a lead responds positively or books, sync data into GHL • Apply relevant tags like “New Lead,” “Interested,” or “Booked Call” • Route them into our CRM booking flow • Optional: Trigger internal team alerts when a lead takes action 📊 Tracking & Lead Dashboard (Optional) • Build a dashboard (e.g., Airtable or Google Sheets) to: • Monitor campaign activity • Sort leads by industry, location, and interest level • Track current status or qualification ⸻ 🎯 Project Objectives: • Book qualified discovery calls weekly with local business owners • Offer entry-level digital services to low-tech businesses • Upsell into a full GHL-powered growth system ⸻ ✅ You Should Have Experience With: • n8n for automation workflows • Hunter, Dropcontact, or similar tools for enrichment • Data scraping tools (e.g. PhantomBuster, Apify, Clay) • Cold email platforms like Instantly or Lemlist • Personalizing cold email campaigns using publicly available data • Working within Go High Level CRM systems • Creating lead dashboards (Airtable, Notion, Google Sheets, etc.) ⸻ 💡 Bonus Points If You: • Know how to extract and use online customer reviews in messaging • Can assess poor or outdated websites at scale • Have experience ranking and scoring lead quality ⸻ 🗂️ We’ll Provide: • Pre-defined target industries and locations • Sample outreach messaging and strategy • System access for campaign tools • Calendar links for scheduling discovery calls ⸻ 🚀 To Apply: Please include: • A brief summary of related automation or lead-gen systems you’ve built • Details on your experience with GHL and Instantly (or similar tools) • Any visual diagrams or screenshots of workflows • Your approach to scoring or prioritizing local business leads",
    "technologies": "Data Scraping | Web Scraping | Lead Generation | List Building | HighLevel | Automation | n8n"
  },
  {
    "title": "Data Researcher for Instagram Business Information Using Python",
    "url": "https://www.upwork.com/jobs/Data-Researcher-for-Instagram-Business-Information-Using-Python_~021933314031447781968/?referrer_url_path=/nx/search/jobs/",
    "posted": "11 hours ago",
    "price": "",
    "summary": "We are looking for a skilled data researcher proficient in Python to extract and analyze Instagram business information. The ideal candidate will leverage Python libraries and APIs to gather relevant data such as business profiles, follower counts, and engagement metrics. Attention to detail and the ability to present findings in a clear format are essential. If you have experience in data scraping or social media analytics, we want to hear from you!",
    "technologies": "Data Scraping | Data Mining | Python | Microsoft Excel"
  },
  {
    "title": "Website Automation Tool for Order Capturing",
    "url": "https://www.upwork.com/jobs/Website-Automation-Tool-for-Order-Capturing_~021933310003837775038/?referrer_url_path=/nx/search/jobs/",
    "posted": "11 hours ago",
    "price": "$100.00",
    "summary": "We are seeking a skilled developer to create a website automation tool that efficiently captures orders on a first-come, first-served basis. The ideal candidate will have experience in web scraping, automation frameworks, and API integration. This tool should be able to handle high traffic and ensure rapid order processing. If you have a strong background in building similar automation solutions and can deliver a reliable product, we would love to hear from you. Please provide examples of previous work related to web automation.",
    "technologies": "JavaScript | PHP | WordPress | Web Development | HTML"
  },
  {
    "title": "Get new followers of X accounts - data extraction from X",
    "url": "https://www.upwork.com/jobs/Get-new-followers-accounts-data-extraction-from_~021933296710711800451/?referrer_url_path=/nx/search/jobs/",
    "posted": "12 hours ago",
    "price": "$100.00",
    "summary": "A list of X accounts will be provided for example: https://x.com/MustStopMurad https://x.com/IncomeSharks the list will contain 300+ accounts you must pull the newest following accounts: https://x.com/IncomeSharks/following so you must compare for changes and report only if new account is followed after that you must pull the profile, name of the followed account and send to Claude API with specific prompt I will provide you. after that a result must be saved based on the prompt result.",
    "technologies": "Data Scraping | Python"
  }
]